fragment_ID,species,date,time,site,depth_m,temp_C,collector,old_tag,intake_reflectance?,status,status_date,tank,treatment,sample_time,notes
URB-sid34-052826,ssid,2026-05-28,na,Dodge Island,2.8,29,HML,na,NA,NA,NA,1,+4C,T3,NA
URB-sid17-052826,ssid,2026-05-28,na,Dodge Island,3,29,HML,na,NA,NA,NA,1,+4C,T5,NA
URB-sid16-052826,ssid,2026-05-28,na,Dodge Island,2.4,29,HML,na,NA,NA,NA,1,+4C,T4,NA
URB-sid03-052826,ssid,2026-05-28,na,Dodge Island,2.5,29,HML,na,NA,NA,NA,2,control,T4,NA
URB-sid38-052826,ssid,2026-05-28,na,Dodge Island,3.8,29,HML,na,NA,NA,NA,2,control,T5,NA
URB-sid24-052826,ssid,2026-05-28,na,Dodge Island,2.5,29,VRR,na,NA,NA,NA,2,control,T1,NA
URB-sid27-052826,ssid,2026-05-28,na,Dodge Island,2.2999999999999998,29,VRR,na,NA,NA,NA,3,+2C,T1,NA
URB-sid28-052826,ssid,2026-05-28,na,Dodge Island,2.4,29,VRR,na,NA,NA,NA,3,+2C,T2,NA
URB-sid30-052826,ssid,2026-05-28,na,Dodge Island,2.2999999999999998,29,VRR,na,NA,NA,NA,3,+2C,T4,NA
URB-sid05-052826,ssid,2026-05-28,na,Dodge Island,2.5,29,VRR,na,NA,NA,NA,4,+4C,T1,NA
URB-sid21-052826,ssid,2026-05-28,na,Dodge Island,2.5,29,HML,na,NA,NA,NA,4,+4C,T2,NA
URB-sid40-052826,ssid,2026-05-28,na,Dodge Island,3.3,29,VRR,na,NA,NA,NA,4,+4C,T5,NA
URB-sid33-052826,ssid,2026-05-28,na,Dodge Island,3,29,HML,na,NA,NA,NA,5,control,T4,NA
URB-sid10-052826,ssid,2026-05-28,na,Dodge Island,2.2999999999999998,29,VRR,na,NA,NA,NA,5,control,T1,NA
URB-sid37-052826,ssid,2026-05-28,na,Dodge Island,3,29,HML,na,MISSING,NA,NA,5,control,T2,split in 2
URB-sid08-052826,ssid,2026-05-28,na,Dodge Island,3.8,29,HML,na,NA,NA,NA,6,+2C,T4,NA
URB-sid07-052826,ssid,2026-05-28,na,Dodge Island,3.3,29,HML,na,NA,NA,NA,6,+2C,T5,NA
URB-sid11-052826,ssid,2026-05-28,na,Dodge Island,3.2,29,VRR,na,NA,NA,NA,6,+2C,T1,NA
URB-sid26-052826,ssid,2026-05-28,na,Dodge Island,3,29,HML,na,NA,NA,NA,7,control,T5,NA
URB-sid04-052826,ssid,2026-05-28,na,Dodge Island,na,29,HML,na,NA,NA,NA,7,control,T4,NA
URB-sid36-052826,ssid,2026-05-28,na,Dodge Island,2.9,29,VRR,na,NA,NA,NA,7,control,T2,NA
URB-sid01-052826,ssid,2026-05-28,na,Dodge Island,2.2999999999999998,29,HML,na,NA,NA,NA,8,+4C,T4,NA
URB-sid13-052826,ssid,2026-05-28,na,Dodge Island,2.9,29,VRR,na,NA,NA,NA,8,+4C,T2,NA
URB-sid23-052826,ssid,2026-05-28,na,Dodge Island,2.6,29,HML,na,NA,NA,NA,8,+4C,T1,NA
URB-sid31-052826,ssid,2026-05-28,na,Dodge Island,2.8,29,HML,na,NA,NA,NA,9,+2C,T2,NA
URB-sid14-052826,ssid,2026-05-28,na,Dodge Island,2.6,29,VRR,na,NA,NA,NA,9,+2C,T3,NA
URB-sid22-052826,ssid,2026-05-28,na,Dodge Island,na,29,HML,na,NA,NA,NA,9,+2C,T1,NA
URB-sid19-052826,ssid,2026-05-28,na,Dodge Island,3.3,29,HML,na,NA,NA,NA,10,control,T3,NA
URB-sid32-052826,ssid,2026-05-28,na,Dodge Island,1.9,29,HML,na,NA,NA,NA,10,control,T2,NA
URB-sid18-052826,ssid,2026-05-28,na,Dodge Island,1.6,29,HML,na,NA,NA,NA,10,control,T3,NA
URB-sid02-052826,ssid,2026-05-28,na,Dodge Island,na,29,HML,na,NA,NA,NA,11,+4C,T3,NA
URB-sid25-052826,ssid,2026-05-28,na,Dodge Island,2.2000000000000002,29,VRR,na,NA,NA,NA,11,+4C,T1,NA
URB-sid20-052826,ssid,2026-05-28,na,Dodge Island,2.9,29,VRR,na,NA,NA,NA,11,+4C,T2,NA
URB-sid35-052826,ssid,2026-05-28,na,Dodge Island,3.2,29,VRR,na,NA,NA,NA,12,+2C,T3,NA
URB-sid06-052826,ssid,2026-05-28,na,Dodge Island,3,29,VRR,na,NA,NA,NA,12,+2C,T5,NA
URB-sid15-052826,ssid,2026-05-28,na,Dodge Island,2.9,29,VRR,na,NA,NA,NA,12,+2C,T2,NA
ftlb1-ssid09-03232026,ssid,2026-03-23,0.6166666666666667,BAR,9.8000000000000007,25,HML,FTLB1-8,NA,H,2026-05-26T00:00:00Z,1,+4C,T2,NA
ftlb1-ssid14-03232026,ssid,2026-03-23,0.61111111111111116,BAR,9.8000000000000007,25,HML,FTLB1-13,NA,H,2026-05-26T00:00:00Z,11,+4C,T1,NA
ftlb2-ssid06-03222026,ssid,2026-03-22,na,BAR,8,24,NIR,FTLB2-6,NA,H,2026-05-26T00:00:00Z,6,+2C,T2,NA
ftlb1-ssid07-03232026,ssid,2026-03-23,0.6166666666666667,BAR,9,25,NIR,FTLB1-7,NA,H,2026-05-26T00:00:00Z,1,+4C,T2,NA
ftlb2-ssid02-03222026,ssid,2026-03-22,na,BAR,7.1,24,NIR,FTLB2-2,NA,H,2026-05-26T00:00:00Z,5,control,T5,NA
ftlb1-ssid11-03232026,ssid,2026-03-23,0.61458333333333337,BAR,9.6999999999999993,25,HML,FTLB1-10,NA,H,2026-05-26T00:00:00Z,8,+4C,T5,NA
ftlb2-ssid05-03222026,ssid,2026-03-22,na,BAR,7.6,24,NIR,FTLB2-5,NA,H,2026-05-26T00:00:00Z,12,+2C,T5,NA
ftlb2-ssid08-03222026,ssid,2026-03-22,na,BAR,8.9,24,NIR,FTLB2-8,NA,H,2026-05-26T00:00:00Z,3,+2C,T4,NA
ftlb2-ssid12-03222026,ssid,2026-03-22,0.62291666666666667,BAR,7.2,24,HML,FTLB2-12,NA,Discolored,2026-05-26T00:00:00Z,3,+2C,T2,NA
ftlb2-ssid13-03222026,ssid,2026-03-22,0.62430555555555556,BAR,7.2,24,HML,FTLB2-13,NA,H,2026-05-26T00:00:00Z,9,+2C,T5,NA
ftlb2-ssid18-03222026,ssid,2026-03-22,0.63541666666666663,BAR,9.4,24,HML,FTLB2-18,NA,H,2026-05-26T00:00:00Z,2,control,T3,NA
ftlb2-ssid01-03222026,ssid,2026-03-22,na,BAR,7.3,24,NIR,FTLB2-1,NA,H,2026-05-26T00:00:00Z,12,+2C,T4,NA
ftlb1-ssid15-03232026,ssid,2026-03-23,0.60972222222222228,BAR,9.9,25,HML,FTLB1-14,NA,Discolored,2026-05-26T00:00:00Z,8,+4C,T3,NA
ftlb1-ssid03-03232026,ssid,2026-03-23,0.61111111111111116,BAR,6.9,25,NIR,FTLB1-3,NA,H,2026-05-26T00:00:00Z,4,+4C,T4,two frags on plug from same colony
ftlb2-ssid15-03222026,ssid,2026-03-22,0.62777777777777777,BAR,8.4,24,HML,FTLB2-15,NA,Discolored,2026-05-26T00:00:00Z,9,+2C,T1,NA
ftlb2-ssid09-03222026,ssid,2026-03-22,na,BAR,9.6,24,NIR,FTLB2-9,NA,H,2026-05-26T00:00:00Z,4,+4C,T3,NA
ftlb1-ssid02-03232026,ssid,2026-03-23,0.60972222222222228,BAR,9.1,25,NIR,FTLB1-2,NA,H,2026-05-26T00:00:00Z,9,+2C,T1,NA
ftlb2-ssid16-03222026,ssid,2026-03-22,0.63055555555555554,BAR,9.3000000000000007,24,HML,FTLB2-16,NA,H,2026-05-26T00:00:00Z,5,control,T1,NA
ftlb2-ssid04-03222026,ssid,2026-03-22,na,BAR,7.6,24,NIR,FTLB2-4,NA,PD,2026-05-26T00:00:00Z,2,control,T1,NA
ftlb2-ssid14-03222026,ssid,2026-03-22,0.62569444444444444,BAR,8.4,24,HML,FTLB2-14,NA,H,2026-05-26T00:00:00Z,7,control,T2,NA
ftlb1-ssid04-03232026,ssid,2026-03-23,0.6118055555555556,BAR,8.9,25,NIR,FTLB1-4,NA,H,2026-05-26T00:00:00Z,1,+4C,T5,NA
ftlb2-ssid11-03222026,ssid,2026-03-22,0.62083333333333335,BAR,7.2,24,HML,FTLB2-11,NA,H,2026-05-26T00:00:00Z,10,control,T5,NA
ftlb1-ssid16-03232026,ssid,2026-03-23,0.60902777777777772,BAR,9.6999999999999993,25,HML,FTLB1-15,NA,H,2026-05-26T00:00:00Z,7,control,T4,NA
ftlb1-ssid06-03232026,ssid,2026-03-23,0.61527777777777781,BAR,9.1999999999999993,25,NIR,FTLB1-6,NA,H,2026-05-26T00:00:00Z,10,control,T2,NA
ftlb1-ssid13-03232026,ssid,2026-03-23,0.6118055555555556,BAR,9.9,25,HML,FTLB1-12,NA,NA,NA,11,+4C,T4,MISSING
ftlb2-ssid07-03222026,ssid,2026-03-22,na,BAR,8,24,NIR,FTLB2-7,NA,H,2026-05-26T00:00:00Z,5,control,T3,NA
ftlb1-ssid01-03232026,ssid,2026-03-23,0.60902777777777772,BAR,8.6999999999999993,25,NIR,FTLB1-1,NA,H,2026-05-26T00:00:00Z,6,+2C,T1,NA
ftlb1-ssid05-03232026,ssid,2026-03-23,0.61458333333333337,BAR,8.6999999999999993,25,NIR,FTLB1-5,NA,H,2026-05-26T00:00:00Z,8,+4C,T1,two frags on plug from same colony
ftlb2-ssid10-03222026,ssid,2026-03-22,0.62013888888888891,BAR,7.2,24,HML,FTLB2-10,NA,H,2026-05-26T00:00:00Z,2,control,T1,NA
ftlb1-ssid12-03232026,ssid,2026-03-23,0.61458333333333337,BAR,9.6999999999999993,25,HML,FTLB1-11,NA,H,2026-05-26T00:00:00Z,6,+2C,T3,NA
ftlb1-ssid08-03232026,ssid,2026-03-23,0.61805555555555558,BAR,7.6,25,NIR,FTLB1-8N,NA,H,2026-05-26T00:00:00Z,10,control,T4,NA
ftlb1-ssid10-03232026,ssid,2026-03-23,0.61527777777777781,BAR,9.8000000000000007,25,HML,FTLB1-9,NA,H,2026-05-26T00:00:00Z,7,control,T2,NA
ftlb2-ssid03-03222026,ssid,2026-03-22,na,BAR,7.1,24,NIR,FTLB2-3,NA,H,2026-05-26T00:00:00Z,3,+2C,T3,NA
ftlb2-ssid17-03222026,ssid,2026-03-22,0.63402777777777775,BAR,9.1,24,HML,FTLB2-17,NA,H,2026-05-26T00:00:00Z,4,+4C,T5,NA
cave-ssid05-04162026,ssid,2026-04-16,0.59097222222222223,Caves,7.8,26,NIR,na,NA,H,2026-05-26T00:00:00Z,9,+2C,T2,NA
cave-ssid22-04162026,ssid,2026-04-16,0.59097222222222223,Caves,7.6,25,HML,na,NA,H,2026-05-26T00:00:00Z,1,+4C,T5,NA
cave-ssid19-04162026,ssid,2026-04-16,0.59097222222222223,Caves,7.9,26,NIR,na,NA,H,2026-05-26T00:00:00Z,8,+4C,T3,NA
cave-ssid25-04162026,ssid,2026-04-16,0.59097222222222223,Caves,7.2,25,HML,na,NA,H,2026-05-26T00:00:00Z,11,+4C,T4,NA
cave-ssid20-04162026,ssid,2026-04-16,0.59097222222222223,Caves,7.8,26,NIR,na,NA,H,2026-05-26T00:00:00Z,7,control,T1,NA
cave-ssid29-04162026,ssid,2026-04-16,0.59097222222222223,Caves,7.7,26,NIR,na,NA,D,2026-05-26T00:00:00Z,7,control,T5,NA
cave-ssid14-04162026,ssid,2026-04-16,0.59097222222222223,Caves,8.1,25,HML,na,NA,H,2026-05-26T00:00:00Z,2,control,T4,"partially bleached, under ledge when collected"
cave-ssid23-04162026,ssid,2026-04-16,0.59097222222222223,Caves,7.4,25,HML,na,NA,H,2026-05-26T00:00:00Z,4,+4C,T1,NA
cave-ssid03-04162026,ssid,2026-04-16,0.59097222222222223,Caves,8.1,26,NIR,na,NA,P,2026-05-26T00:00:00Z,3,+2C,T3,NA
cave-ssid08-04162026,ssid,2026-04-16,0.59097222222222223,Caves,7.8,26,NIR,na,NA,H,2026-05-26T00:00:00Z,10,control,T2,NA
cave-ssid16-04162026,ssid,2026-04-16,0.59097222222222223,Caves,7.4,25,HML,na,NA,H,2026-05-26T00:00:00Z,5,control,T2,NA
cave-ssid12-04162026,ssid,2026-04-16,0.59097222222222223,Caves,7.8,26,NIR,na,NA,H,2026-05-26T00:00:00Z,10,control,T4,NA
cave-ssid24-04162026,ssid,2026-04-16,0.59097222222222223,Caves,7.8,26,NIR,na,NA,PB,2026-05-26T00:00:00Z,3,+2C,T1,NA
cave-ssid27-04162026,ssid,2026-04-16,0.59097222222222223,Caves,7.3,25,HML,na,NA,H,2026-05-26T00:00:00Z,6,+2C,T5,NA
cave-ssid18-04162026,ssid,2026-04-16,0.59097222222222223,Caves,8.1999999999999993,26,NIR,na,NA,H,2026-05-26T00:00:00Z,12,+2C,T4,NA
cave-ssid13-04162026,ssid,2026-04-16,0.59097222222222223,Caves,7.8,25,HML,na,NA,H,2026-05-26T00:00:00Z,3,+2C,T3,NA
cave-ssid07-04162026,ssid,2026-04-16,0.59097222222222223,Caves,8.1999999999999993,25,HML,na,NA,H,2026-05-26T00:00:00Z,9,+2C,T5,NA
cave-ssid17-04162026,ssid,2026-04-16,0.59097222222222223,Caves,7.9,26,NIR,na,NA,H,2026-05-26T00:00:00Z,1,+4C,T3,NA
cave-ssid26-04162026,ssid,2026-04-16,0.59097222222222223,Caves,8,26,NIR,na,NA,H,2026-05-26T00:00:00Z,1,+4C,T1,NA
cave-ssid06-04162026,ssid,2026-04-16,0.59097222222222223,Caves,8.1999999999999993,25,HML,na,NA,H,2026-05-26T00:00:00Z,11,+4C,T2,NA
cave-ssid10-04162026,ssid,2026-04-16,0.59097222222222223,Caves,7.6,25,HML,na,NA,H,2026-05-26T00:00:00Z,12,+2C,T4,NA
cave-ssid30-04162026,ssid,2026-04-16,0.59097222222222223,Caves,7.9,25,HML,na,NA,H,2026-05-26T00:00:00Z,6,+2C,T1,NA
cave-ssid09-04162026,ssid,2026-04-16,0.59097222222222223,Caves,7.5,25,HML,na,NA,PB,2026-05-26T00:00:00Z,5,control,T3,NA
cave-ssid15-04162026,ssid,2026-04-16,0.59097222222222223,Caves,8.1999999999999993,25,HML,na,NA,PD,2026-05-26T00:00:00Z,8,+4C,T1,NA
cave-ssid02-04162026,ssid,2026-04-16,0.59097222222222223,Caves,8.1,26,NIR,na,NA,H,2026-05-26T00:00:00Z,2,control,T5,NA
cave-ssid11-04162026,ssid,2026-04-16,0.59097222222222223,Caves,7.2,25,HML,na,NA,H,2026-05-26T00:00:00Z,4,+4C,T5,NA
cave-ssid21-04162026,ssid,2026-04-16,0.59097222222222223,Caves,7.7,26,NIR,na,NA,H,2026-05-26T00:00:00Z,4,+4C,T4,NA
cave-ssid04-04162026,ssid,2026-04-16,0.59097222222222223,Caves,7.7,26,NIR,na,NA,H,2026-05-26T00:00:00Z,11,+4C,T2,NA
cave-ssid28-04162026,ssid,2026-04-16,0.59097222222222223,Caves,7.7,25,HML,na,NA,H,2026-05-26T00:00:00Z,12,+2C,T5,NA
cave-ssid01-04162026,ssid,2026-04-16,0.59097222222222223,Caves,8.1,26,NIR,na,NA,H,2026-05-26T00:00:00Z,2,control,T3,NA
DB-sid14-051426,ssid,2026-05-14,na,Dania,9.1,27,HML,na,NA,P,2026-05-26T00:00:00Z,11,+4C,T2,NA
DB-sid22-051426,ssid,2026-05-14,na,Dania,na,27,ROS,na,NA,P,2026-05-26T00:00:00Z,8,+4C,T4,NA
DB-sid16-051426,ssid,2026-05-14,na,Dania,na,27,ROS,na,NA,H,2026-05-26T00:00:00Z,12,+2C,T1,NA
DB-sid19-051426,ssid,2026-05-14,na,Dania,na,27,ROS,na,NA,P,2026-05-26T00:00:00Z,4,+4C,T5,NA
DB-sid33-051426,ssid,2026-05-14,na,Dania,9,27,HML,na,NA,P,2026-05-26T00:00:00Z,6,+2C,T5,NA
DB-sid36-051426,ssid,2026-05-14,na,Dania,na,27,ROS,na,NA,H,2026-05-26T00:00:00Z,2,control,T3,NA
DB-sid24-051426,ssid,2026-05-14,na,Dania,na,27,ROS,na,NA,P,2026-05-26T00:00:00Z,2,control,T2,NA
DB-sid03-051426,ssid,2026-05-14,na,Dania,9.1,27,HML,na,NA,P,2026-05-26T00:00:00Z,7,control,T1,NA
DB-sid08-051426,ssid,2026-05-14,na,Dania,8.8000000000000007,27,HML,na,NA,H,2026-05-26T00:00:00Z,1,+4C,T4,NA
DB-sid31-051426,ssid,2026-05-14,na,Dania,9.1,27,HML,na,NA,H,2026-05-26T00:00:00Z,12,+2C,T4,NA
DB-sid21-051426,ssid,2026-05-14,na,Dania,9,27,HML,na,NA,P,2026-05-26T00:00:00Z,7,control,T5,NA
DB-sid17-051426,ssid,2026-05-14,na,Dania,8.8000000000000007,27,HML,na,NA,P,2026-05-26T00:00:00Z,5,control,T5,NA
DB-sid35-051426,ssid,2026-05-14,na,Dania,9.1,27,ROS,na,NA,P,2026-05-26T00:00:00Z,8,+4C,T2,NA
DB-sid12-051426,ssid,2026-05-14,na,Dania,na,27,ROS,na,NA,H,2026-05-26T00:00:00Z,1,+4C,T3,NA
DB-sid07-051426,ssid,2026-05-14,na,Dania,na,27,ROS,na,NA,P,2026-05-26T00:00:00Z,10,control,T3,NA
DB-sid25-051426,ssid,2026-05-14,na,Dania,na,27,ROS,na,NA,H,2026-05-26T00:00:00Z,9,+2C,T4,NA
DB-sid06-051426,ssid,2026-05-14,na,Dania,na,27,ROS,na,NA,P,2026-05-26T00:00:00Z,6,+2C,T3,NA
DB-sid27-051426,ssid,2026-05-14,na,Dania,9.1,27,HML,na,NA,P,2026-05-26T00:00:00Z,2,control,T4,NA
DB-sid26-051426,ssid,2026-05-14,na,Dania,na,27,ROS,na,NA,P,2026-05-26T00:00:00Z,9,+2C,T2,NA
DB-sid37-051426,ssid,2026-05-14,na,Dania,na,27,ROS,na,NA,P,2026-05-26T00:00:00Z,11,+4C,T1,NA
DB-sid23-051426,ssid,2026-05-14,na,Dania,9.1,27,HML,na,NA,PP,2026-05-26T00:00:00Z,1,+4C,T5,NA
DB-sid11-051426,ssid,2026-05-14,na,Dania,na,27,ROS,na,NA,H,2026-05-26T00:00:00Z,5,control,T4,NA
DB-sid05-051426,ssid,2026-05-14,na,Dania,9.1,27,HML,na,NA,P,2026-05-26T00:00:00Z,6,+2C,T2,NA
DB-sid20-051426,ssid,2026-05-14,na,Dania,9,27,HML,na,NA,H,2026-05-26T00:00:00Z,10,control,T2,NA
DB-sid28-051426,ssid,2026-05-14,na,Dania,na,27,ROS,na,NA,H,2026-05-26T00:00:00Z,3,+2C,T5,NA
DB-sid38-051426,ssid,2026-05-14,na,Dania,na,27,ROS,na,NA,H,2026-05-26T00:00:00Z,5,control,T2,NA
DB-sid18-051426,ssid,2026-05-14,na,Dania,9,27,HML,na,NA,P,2026-05-26T00:00:00Z,8,+4C,T3,NA
DB-sid29-051426,ssid,2026-05-14,na,Dania,na,27,ROS,na,NA,H,2026-05-26T00:00:00Z,7,control,T1,NA
DB-sid04-051426,ssid,2026-05-14,na,Dania,na,27,ROS,na,NA,P,2026-05-26T00:00:00Z,10,control,T5,NA
DB-sid30-051426,ssid,2026-05-14,na,Dania,na,27,ROS,na,NA,P,2026-05-26T00:00:00Z,9,+2C,T3,NA
DB-sid02-051426,ssid,2026-05-14,na,Dania,9.1,27,HML,na,NA,H,2026-05-26T00:00:00Z,4,+4C,T1,NA
DB-sid01-051426,ssid,2026-05-14,na,Dania,na,27,ROS,na,NA,P,2026-05-26T00:00:00Z,12,+2C,T1,NA
DB-sid15-051426,ssid,2026-05-14,na,Dania,na,27,ROS,na,NA,P,2026-05-26T00:00:00Z,3,+2C,T1,NA
DB-sid09-051426,ssid,2026-05-14,na,Dania,na,27,ROS,na,NA,H,2026-05-26T00:00:00Z,11,+4C,T1,NA
EMERALD-sid27-052026,ssid,2026-05-20,na,Emerald Reef,7.3,28,VRR,na,NA,P,2026-05-26T00:00:00Z,10,control,T1,NA
EMERALD-sid09-052026,ssid,2026-05-20,na,Emerald Reef,7.9,28,HML,na,NA,P,2026-05-26T00:00:00Z,7,control,T4,NA
EMERALD-sid07-052026,ssid,2026-05-20,na,Emerald Reef,7.9,28,HML,na,NA,P,2026-05-26T00:00:00Z,7,control,T5,NA
EMERALD-sid02-052026,ssid,2026-05-20,na,Emerald Reef,NA,28,NA,na,NA,P,2026-05-26T00:00:00Z,8,+4C,T4,NA
EMERALD-sid16-052026,ssid,2026-05-20,na,Emerald Reef,7.6,28,HML,na,NA,P,2026-05-26T00:00:00Z,10,control,T5,NA
EMERALD-sid13-052026,ssid,2026-05-20,na,Emerald Reef,7.6,28,HML,na,NA,P,2026-05-26T00:00:00Z,4,+4C,T2,NA
EMERALD-sid19-052026,ssid,2026-05-20,na,Emerald Reef,7.6,28,VRR,na,NA,H,2026-05-26T00:00:00Z,8,+4C,T5,NA
EMERALD-sid25-052026,ssid,2026-05-20,na,Emerald Reef,7.9,28,VRR,na,NA,P,2026-05-26T00:00:00Z,5,control,T4,NA
EMERALD-sid20-052026,ssid,2026-05-20,na,Emerald Reef,7.7,28,HML,na,NA,P,2026-05-26T00:00:00Z,5,control,T3,NA
EMERALD-sid15-052026,ssid,2026-05-20,na,Emerald Reef,7.4,28,HML,na,NA,P,2026-05-26T00:00:00Z,4,+4C,T4,NA
EMERALD-sid34-052026,ssid,2026-05-20,na,Emerald Reef,7.9,28,VRR,na,NA,P,2026-05-26T00:00:00Z,12,+2C,T2,NA
EMERALD-sid04-052026,ssid,2026-05-20,na,Emerald Reef,7.9,28,HML,na,NA,P,2026-05-26T00:00:00Z,3,+2C,T2,NA
EMERALD-sid01-052026,ssid,2026-05-20,na,Emerald Reef,7.7,28,HML,na,NA,P,2026-05-26T00:00:00Z,9,+2C,T3,NA
EMERALD-sid08-052026,ssid,2026-05-20,na,Emerald Reef,7.8,28,HML,na,NA,P,2026-05-26T00:00:00Z,3,+2C,T1,NA
EMERALD-sid37-052026,ssid,2026-05-20,na,Emerald Reef,7.8,28,HML,na,NA,P,2026-05-26T00:00:00Z,4,+4C,T3,NA
EMERALD-sid31-052026,ssid,2026-05-20,na,Emerald Reef,7.6,28,VRR,na,NA,P,2026-05-26T00:00:00Z,11,+4C,T3,NA
EMERALD-sid11-052026,ssid,2026-05-20,na,Emerald Reef,7.6,28,HML,na,NA,P,2026-05-26T00:00:00Z,11,+4C,T3,NA
EMERALD-sid29-052026,ssid,2026-05-20,na,Emerald Reef,7.9,28,VRR,na,NA,P,2026-05-26T00:00:00Z,12,+2C,T3,NA
EMERALD-sid24-052026,ssid,2026-05-20,na,Emerald Reef,7.6,28,VRR,na,NA,P,2026-05-26T00:00:00Z,6,+2C,T4,NA
EMERALD-sid21-052026,ssid,2026-05-20,na,Emerald Reef,7.3,28,VRR,na,NA,H,2026-05-26T00:00:00Z,10,control,T1,NA
EMERALD-sid03-052026,ssid,2026-05-20,na,Emerald Reef,7.8,28,HML,na,NA,P,2026-05-26T00:00:00Z,2,control,T3,NA
EMERALD-sid30-052026,ssid,2026-05-20,na,Emerald Reef,7.6,28,VRR,na,NA,P,2026-05-26T00:00:00Z,8,+4C,T5,NA
EMERALD-sid17-052026,ssid,2026-05-20,na,Emerald Reef,8,28,HML,na,NA,P,2026-05-26T00:00:00Z,9,+2C,T4,NA
EMERALD-sid12-052026,ssid,2026-05-20,na,Emerald Reef,7.9,28,HML,na,NA,P,2026-05-26T00:00:00Z,5,control,T3,NA
EMERALD-sid06-052026,ssid,2026-05-20,na,Emerald Reef,7.9,28,HML,na,NA,P,2026-05-26T00:00:00Z,3,+2C,T5,NA
EMERALD-sid22-052026,ssid,2026-05-20,na,Emerald Reef,7.6,28,VRR,na,NA,P,2026-05-26T00:00:00Z,2,control,T1,NA
EMERALD-sid33-052026,ssid,2026-05-20,na,Emerald Reef,7.9,28,VRR,na,NA,P,2026-05-26T00:00:00Z,6,+2C,T3,NA
EMERALD-sid14-052026,ssid,2026-05-20,na,Emerald Reef,7.6,28,HML,na,NA,P,2026-05-26T00:00:00Z,7,control,T2,NA
EMERALD-sid18-052026,ssid,2026-05-20,na,Emerald Reef,7.9,28,VRR,na,NA,H,2026-05-26T00:00:00Z,6,+2C,T2,tissue loss during collection
EMERALD-sid28-052026,ssid,2026-05-20,na,Emerald Reef,7.9,28,VRR,na,NA,P,2026-05-26T00:00:00Z,11,+4C,T1,NA
EMERALD-sid36-052026,ssid,2026-05-20,na,Emerald Reef,7.9,28,VRR,na,NA,P,2026-05-26T00:00:00Z,12,+2C,T1,NA
EMERALD-sid05-052026,ssid,2026-05-20,na,Emerald Reef,8,28,HML,na,NA,P,2026-05-26T00:00:00Z,1,+4C,T1,NA
EMERALD-sid26-052026,ssid,2026-05-20,na,Emerald Reef,7.6,28,VRR,na,NA,P,2026-05-26T00:00:00Z,9,+2C,T5,NA
EMERALD-sid10-052026,ssid,2026-05-20,na,Emerald Reef,8,28,HML,na,NA,P,2026-05-26T00:00:00Z,1,+4C,T2,NA
GRA-sid26-051426,ssid,2026-05-14,na,Graceland,na,27,ROS,na,NA,P,2026-05-26T00:00:00Z,10,control,T4,NA
GRA-sid18-051426,ssid,2026-05-14,na,Graceland,na,27,HML,na,NA,P,2026-05-26T00:00:00Z,6,+2C,T1,NA
GRA-sid03-051426,ssid,2026-05-14,na,Graceland,na,27,ROS,na,NA,H,2026-05-26T00:00:00Z,8,+4C,T2,NA
GRA-sid15-051426,ssid,2026-05-14,na,Graceland,na,27,HML,na,NA,P,2026-05-26T00:00:00Z,4,+4C,T5,NA
GRA-sid33-051426,ssid,2026-05-14,na,Graceland,na,27,HML,na,NA,P,2026-05-26T00:00:00Z,2,control,T5,NA
GRA-sid19-051426,ssid,2026-05-14,na,Graceland,na,27,ROS,na,NA,H,2026-05-26T00:00:00Z,8,+4C,T1,NA
GRA-sid08-051426,ssid,2026-05-14,na,Graceland,na,27,HML,na,NA,P,2026-05-26T00:00:00Z,2,control,T3,NA
GRA-sid11-051426,ssid,2026-05-14,na,Graceland,na,27,HML,na,NA,P,2026-05-26T00:00:00Z,3,+2C,T5,NA
GRA-sid16-051426,ssid,2026-05-14,na,Graceland,na,27,HML,na,NA,P,2026-05-26T00:00:00Z,9,+2C,T3,NA
GRA-sid06-051426,ssid,2026-05-14,na,Graceland,NA,27,NA,na,NA,H,2026-05-26T00:00:00Z,6,+2C,T5,NA
GRA-sid30-051426,ssid,2026-05-14,na,Graceland,9.4,27,HML,na,NA,P,2026-05-26T00:00:00Z,7,control,T1,NA
GRA-sid28-051426,ssid,2026-05-14,na,Graceland,na,27,ROS,na,NA,P,2026-05-26T00:00:00Z,3,+2C,T3,NA
GRA-sid07-051426,ssid,2026-05-14,na,Graceland,9.5,27,HML,na,NA,P,2026-05-26T00:00:00Z,10,control,T1,NA
GRA-sid09-051426,ssid,2026-05-14,na,Graceland,9.5,27,HML,na,NA,P,2026-05-26T00:00:00Z,4,+4C,T3,NA
GRA-sid23-051426,ssid,2026-05-14,na,Graceland,na,27,ROS,na,NA,H,2026-05-26T00:00:00Z,2,control,T2,NA
GRA-sid01-051426,ssid,2026-05-14,na,Graceland,na,27,HML,na,NA,H,2026-05-26T00:00:00Z,12,+2C,T2,NA
GRA-sid35-051426,ssid,2026-05-14,na,Graceland,na,27,HML,na,NA,P,2026-05-26T00:00:00Z,1,+4C,T2,NA
GRA-sid25-051426,ssid,2026-05-14,na,Graceland,na,27,ROS,na,NA,P,2026-05-26T00:00:00Z,3,+2C,T4,NA
GRA-sid14-051426,ssid,2026-05-14,na,Graceland,na,27,ROS,na,NA,H,2026-05-26T00:00:00Z,11,+4C,T5,two labelled 14? Determine which is which
GRA-sid14-051426,ssid,2026-05-14,na,Graceland,na,27,ROS,na,NA,H,2026-05-26T00:00:00Z,5,control,T5,two labelled 14? Determine which is which
GRA-sid31-051426,ssid,2026-05-14,na,Graceland,na,27,HML,na,NA,P,2026-05-26T00:00:00Z,7,control,T4,NA
GRA-sid32-051426,ssid,2026-05-14,na,Graceland,NA,27,ROS,na,NA,P,2026-05-26T00:00:00Z,11,+4C,T4,NA
GRA-sid21-051426,ssid,2026-05-14,na,Graceland,na,27,ROS,na,NA,H,2026-05-26T00:00:00Z,4,+4C,T3,NA
GRA-sid27-051426,ssid,2026-05-14,na,Graceland,na,27,ROS,na,NA,P,2026-05-26T00:00:00Z,1,+4C,T5,NA
GRA-sid22-051426,ssid,2026-05-14,na,Graceland,na,27,ROS,na,NA,H,2026-05-26T00:00:00Z,12,+2C,T4,NA
GRA-sid05-051426,ssid,2026-05-14,na,Graceland,9.5,27,HML,na,NA,H,2026-05-26T00:00:00Z,5,control,T3,NA
GRA-sid24-051426,ssid,2026-05-14,na,Graceland,na,27,ROS,na,NA,P,2026-05-26T00:00:00Z,9,+2C,T2,NA
GRA-sid20-051426,ssid,2026-05-14,na,Graceland,na,27,ROS,na,NA,P,2026-05-26T00:00:00Z,1,+4C,T4,NA
HB-sid36-051426,ssid,2026-05-14,na,Hollywood,na,28,ROS,na,NA,H,2026-05-26T00:00:00Z,12,+2C,T3,NA
HB-sid23-051426,ssid,2026-05-14,na,Hollywood,7.8,28,HML,na,NA,P,2026-05-26T00:00:00Z,9,+2C,T1,NA
HB-sid19-051426,ssid,2026-05-14,na,Hollywood,7.9,28,HML,na,NA,P,2026-05-26T00:00:00Z,6,+2C,T2,NA
HB-sid12-051426,ssid,2026-05-14,na,Hollywood,na,28,ROS,na,NA,H,2026-05-26T00:00:00Z,2,control,T4,NA
HB-sid08-051426,ssid,2026-05-14,na,Hollywood,na,28,ROS,na,NA,P,2026-05-26T00:00:00Z,8,+4C,T4,NA
HB-sid11-051426,ssid,2026-05-14,na,Hollywood,na,28,ROS,na,NA,H,2026-05-26T00:00:00Z,5,control,T1,NA
HB-sid02-051426,ssid,2026-05-14,na,Hollywood,na,28,ROS,na,NA,P,2026-05-26T00:00:00Z,7,control,T3,NA
HB-sid04-051426,ssid,2026-05-14,na,Hollywood,na,28,ROS,na,NA,H,2026-05-26T00:00:00Z,4,+4C,T2,NA
HB-sid01-051426,ssid,2026-05-14,na,Hollywood,na,28,ROS,na,NA,H,2026-05-26T00:00:00Z,11,+4C,T3,NA
HB-sid07-051426,ssid,2026-05-14,na,Hollywood,7.4,28,HML,na,NA,P,2026-05-26T00:00:00Z,5,control,T2,NA
HB-sid05-051426,ssid,2026-05-14,na,Hollywood,na,28,ROS,na,NA,P,2026-05-26T00:00:00Z,3,+2C,T4,NA
HB-sid16-051426,ssid,2026-05-14,na,Hollywood,na,28,ROS,na,NA,P,2026-05-26T00:00:00Z,1,+4C,T1,NA
HB-sid20-051426,ssid,2026-05-14,na,Hollywood,8,28,HML,na,NA,H,2026-05-26T00:00:00Z,10,control,T5,NA
JR-sid10-052026,ssid,2026-05-20,na,JR's Ledge,7.8,28,HML,na,NA,P,2026-05-26T00:00:00Z,4,+4C,T4,NA
JR-sid13-052026,ssid,2026-05-20,na,JR's Ledge,7.9,28,VRR,na,NA,P,2026-05-26T00:00:00Z,8,+4C,T2,NA
JR-sid11-052026,ssid,2026-05-20,na,JR's Ledge,7.9,28,VRR,na,NA,P,2026-05-26T00:00:00Z,10,control,T4,NA
JR-sid28-052026,ssid,2026-05-20,na,JR's Ledge,7.8,28,HML,na,NA,H,2026-05-26T00:00:00Z,4,+4C,T4,NA
JR-sid23-052026,ssid,2026-05-20,na,JR's Ledge,8,28,HML,na,NA,P,2026-05-26T00:00:00Z,5,control,T5,NA
JR-sid29-052026,ssid,2026-05-20,na,JR's Ledge,7.4,28,HML,na,NA,P,2026-05-26T00:00:00Z,3,+2C,T2,NA
JR-sid07-052026,ssid,2026-05-20,na,JR's Ledge,7.2,28,HML,na,NA,H,2026-05-26T00:00:00Z,8,+4C,T5,NA
JR-sid35-052026,ssid,2026-05-20,na,JR's Ledge,8.1999999999999993,28,VRR,na,NA,P,2026-05-26T00:00:00Z,3,+2C,T3,NA
JR-sid26-052026,ssid,2026-05-20,na,JR's Ledge,7.6,28,VRR,na,NA,P,2026-05-26T00:00:00Z,11,+4C,T2,NA
JR-sid33-052026,ssid,2026-05-20,na,JR's Ledge,7.6,28,VRR,na,NA,H,2026-05-26T00:00:00Z,9,+2C,T3,NA
JR-sid34-052026,ssid,2026-05-20,na,JR's Ledge,7.4,28,HML,na,NA,H,2026-05-26T00:00:00Z,9,+2C,T5,NA
JR-sid27-052026,ssid,2026-05-20,na,JR's Ledge,7.6,28,HML,na,NA,H,2026-05-26T00:00:00Z,7,control,T4,NA
JR-sid09-052026,ssid,2026-05-20,na,JR's Ledge,7.6,28,VRR,na,NA,H,2026-05-26T00:00:00Z,11,+4C,T3,NA
JR-sid30-052026,ssid,2026-05-20,na,JR's Ledge,7.4,28,HML,na,NA,P,2026-05-26T00:00:00Z,2,control,T2,NA
JR-sid05-052026,ssid,2026-05-20,na,JR's Ledge,7.5,28,HML,na,NA,P,2026-05-26T00:00:00Z,6,+2C,T5,NA
JR-sid15-052026,ssid,2026-05-20,na,JR's Ledge,7.9,28,VRR,na,NA,P,2026-05-26T00:00:00Z,2,control,T1,NA
JR-sid31-052026,ssid,2026-05-20,na,JR's Ledge,7.6,28,VRR,na,NA,P,2026-05-26T00:00:00Z,1,+4C,T3,NA
JR-sid06-052026,ssid,2026-05-20,na,JR's Ledge,7.2,28,HML,na,NA,H,2026-05-26T00:00:00Z,10,control,T3,NA
JR-sid01-052026,ssid,2026-05-20,na,JR's Ledge,7.3,28,VRR,na,NA,P,2026-05-26T00:00:00Z,6,+2C,T1,NA
JR-sid38-052026,ssid,2026-05-20,na,JR's Ledge,7.2,28,HML,na,NA,P,2026-05-26T00:00:00Z,7,control,T1,NA
JR-sid19-052026,ssid,2026-05-20,na,JR's Ledge,7.8,28,HML,na,NA,P,2026-05-26T00:00:00Z,1,+4C,T4,split in 2
JR-sid20-052026,ssid,2026-05-20,na,JR's Ledge,8.1999999999999993,28,VRR,na,NA,P,2026-05-26T00:00:00Z,12,+2C,T2,NA
JR-sid17-052026,ssid,2026-05-20,na,JR's Ledge,7.2,28,HML,na,NA,P,2026-05-26T00:00:00Z,12,+2C,T1,NA
JR-sid22-052026,ssid,2026-05-20,na,JR's Ledge,7.5,28,HML,na,NA,H,2026-05-26T00:00:00Z,9,+2C,T4,NA
JR-sid37-052026,ssid,2026-05-20,na,JR's Ledge,7.2,28,HML,na,NA,P,2026-05-26T00:00:00Z,7,control,T3,split in 2
JR-sid24-052026,ssid,2026-05-20,na,JR's Ledge,7.9,28,VRR,na,NA,H,2026-05-26T00:00:00Z,5,control,T2,NA
JR-sid32-052026,ssid,2026-05-20,na,JR's Ledge,7.2,28,HML,na,NA,P,2026-05-26T00:00:00Z,8,+4C,T1,NA
JR-sid04-052026,ssid,2026-05-20,na,JR's Ledge,8.1999999999999993,28,VRR,na,NA,P,2026-05-26T00:00:00Z,6,+2C,T4,NA
JR-sid36-052026,ssid,2026-05-20,na,JR's Ledge,7.2,28,HML,na,NA,P,2026-05-26T00:00:00Z,10,control,T5,NA
REV-sid35-052026,ssid,2026-05-20,na,Reverse Reef,na,28,na,na,NA,P,2026-05-26T00:00:00Z,3,+2C,T5,NA
REV-sid33-052026,ssid,2026-05-20,na,Reverse Reef,9.3000000000000007,28,VRR,na,NA,P,2026-05-26T00:00:00Z,11,+4C,T4,NA
REV-sid19-052026,ssid,2026-05-20,na,Reverse Reef,8.6999999999999993,28,HML,na,NA,P,2026-05-26T00:00:00Z,2,control,T5,NA
REV-sid07-052026,ssid,2026-05-20,na,Reverse Reef,9.3000000000000007,28,VRR,na,NA,P,2026-05-26T00:00:00Z,4,+4C,T1,some tissue removed during collection
REV-sid27-052026,ssid,2026-05-20,na,Reverse Reef,8.6999999999999993,28,HML,na,NA,P,2026-05-26T00:00:00Z,2,control,T2,NA
REV-sid22-052026,ssid,2026-05-20,na,Reverse Reef,8.5,28,HML,na,NA,P,2026-05-26T00:00:00Z,8,+4C,T5,NA
REV-sid03-052026,ssid,2026-05-20,na,Reverse Reef,9.3000000000000007,28,VRR,na,NA,P,2026-05-26T00:00:00Z,9,+2C,T4,NA
REV-sid32-052026,ssid,2026-05-20,na,Reverse Reef,8.6999999999999993,28,HML,na,NA,P,2026-05-26T00:00:00Z,7,control,T3,NA
REV-sid16-052026,ssid,2026-05-20,na,Reverse Reef,9.6999999999999993,28,VRR,na,NA,P,2026-05-26T00:00:00Z,1,+4C,T4,NA
REV-sid01-052026,ssid,2026-05-20,na,Reverse Reef,9,28,VRR,na,NA,P,2026-05-26T00:00:00Z,11,+4C,T5,NA
REV-sid02-052026,ssid,2026-05-20,na,Reverse Reef,9,28,VRR,na,NA,H,2026-05-26T00:00:00Z,8,+4C,T3,NA
REV-sid04-052026,ssid,2026-05-20,na,Reverse Reef,9,28,VRR,na,NA,P,2026-05-26T00:00:00Z,4,+4C,T2,NA
REV-sid12-052026,ssid,2026-05-20,na,Reverse Reef,8.6999999999999993,28,HML,na,NA,P,2026-05-26T00:00:00Z,1,+4C,T1,NA
REV-sid25-052026,ssid,2026-05-20,na,Reverse Reef,8.6999999999999993,28,HML,na,NA,P,2026-05-26T00:00:00Z,10,control,T3,NA
REV-sid36-052026,ssid,2026-05-20,na,Reverse Reef,8.4,28,HML,na,NA,P,2026-05-26T00:00:00Z,6,+2C,T4,NA
REV-sid10-052026,ssid,2026-05-20,na,Reverse Reef,8.6999999999999993,28,HML,na,NA,P,2026-05-26T00:00:00Z,6,+2C,T3,NA
REV-sid09-052026,ssid,2026-05-20,na,Reverse Reef,9,28,VRR,na,NA,P,2026-05-26T00:00:00Z,1,+4C,T2,NA
REV-sid11-052026,ssid,2026-05-20,na,Reverse Reef,9.1999999999999993,28,HML,na,NA,P,2026-05-26T00:00:00Z,7,control,T2,NA
REV-sid20-052026,ssid,2026-05-20,na,Reverse Reef,9,28,VRR,na,NA,H,2026-05-26T00:00:00Z,5,control,T4,NA
REV-sid15-052026,ssid,2026-05-20,na,Reverse Reef,9.6,28,VRR,na,NA,P,2026-05-26T00:00:00Z,9,+2C,T1,NA
REV-sid24-052026,ssid,2026-05-20,na,Reverse Reef,9,28,HML,na,NA,P,2026-05-26T00:00:00Z,5,control,T1,NA
REV-sid30-052026,ssid,2026-05-20,na,Reverse Reef,9.6999999999999993,28,VRR,na,NA,P,2026-05-26T00:00:00Z,3,+2C,T5,NA
REV-sid08-052026,ssid,2026-05-20,na,Reverse Reef,9.3000000000000007,28,VRR,na,NA,P,2026-05-26T00:00:00Z,4,+4C,T3,split in 2
REV-sid18-052026,ssid,2026-05-20,na,Reverse Reef,9.1999999999999993,28,VRR,na,NA,P,2026-05-26T00:00:00Z,10,control,T1,NA
REV-sid26-052026,ssid,2026-05-20,na,Reverse Reef,9,28,VRR,na,NA,P,2026-05-26T00:00:00Z,12,+2C,T5,NA
REV-sid21-052026,ssid,2026-05-20,na,Reverse Reef,8.4,28,HML,na,NA,P,2026-05-26T00:00:00Z,5,control,T5,NA
REV-sid17-052026,ssid,2026-05-20,na,Reverse Reef,9.1,28,HML,na,NA,P,2026-05-26T00:00:00Z,2,control,T4,NA
REV-sid34-052026,ssid,2026-05-20,na,Reverse Reef,9.4,28,VRR,na,NA,P,2026-05-26T00:00:00Z,11,+4C,T5,NA
REV-sid13-052026,ssid,2026-05-20,na,Reverse Reef,8.6,28,HML,na,NA,P,2026-05-26T00:00:00Z,6,+2C,T2,NA
REV-sid28-052026,ssid,2026-05-20,na,Reverse Reef,9.1999999999999993,28,VRR,na,NA,P,2026-05-26T00:00:00Z,3,+2C,T4,NA
REV-sid23-052026,ssid,2026-05-20,na,Reverse Reef,9.3000000000000007,28,VRR,na,NA,P,2026-05-26T00:00:00Z,12,+2C,T2,NA
REV-sid14-052026,ssid,2026-05-20,na,Reverse Reef,8.6,28,HML,na,NA,P,2026-05-26T00:00:00Z,12,+2C,T3,NA
sc-ssid21-04182026,ssid,2026-04-18,na,South Canyon,5.2,27,NIR,na,NA,H,2026-05-26T00:00:00Z,11,+4C,T5,NA
sc-ssid07-04182026,ssid,2026-04-18,na,South Canyon,4.9000000000000004,26,HML,na,NA,H,2026-05-26T00:00:00Z,10,control,T1,NA
sc-ssid20-04182026,ssid,2026-04-18,na,South Canyon,5.2,26,HML,na,NA,H,2026-05-26T00:00:00Z,10,control,T2,Double sid and rad!
sc-ssid18-04182026,ssid,2026-04-18,na,South Canyon,5,27,NIR,na,NA,H,2026-05-26T00:00:00Z,1,+4C,T3,NA
sc-ssid17-04182026,ssid,2026-04-18,na,South Canyon,5.3,26,HML,na,NA,H,2026-05-26T00:00:00Z,6,+2C,T4,NA
sc-ssid01-04182026,ssid,2026-04-18,na,South Canyon,5.2,27,NIR,na,NA,H,2026-05-26T00:00:00Z,8,+4C,T2,NA
sc-ssid02-04182026,ssid,2026-04-18,na,South Canyon,5,27,NIR,na,NA,H,2026-05-26T00:00:00Z,9,+2C,T2,NA
sc-ssid26-04182026,ssid,2026-04-18,na,South Canyon,5.0999999999999996,26,HML,na,NA,H,2026-05-26T00:00:00Z,7,control,T5,NA
sc-ssid24-04182026,ssid,2026-04-18,na,South Canyon,5.2,26,HML,na,NA,H,2026-05-26T00:00:00Z,4,+4C,T1,NA
sc-ssid13-04182026,ssid,2026-04-18,na,South Canyon,5.0999999999999996,27,NIR,na,NA,H,2026-05-26T00:00:00Z,3,+2C,T2,NA
sc-ssid23-04182026,ssid,2026-04-18,na,South Canyon,5,26,HML,na,NA,H,2026-05-26T00:00:00Z,8,+4C,T3,NA
sc-ssid03-04182026,ssid,2026-04-18,na,South Canyon,5.2,27,NIR,na,NA,H,2026-05-26T00:00:00Z,6,+2C,T3,NA
sc-ssid27-04182026,ssid,2026-04-18,na,South Canyon,5.0999999999999996,26,HML,na,NA,H,2026-05-26T00:00:00Z,2,control,T2,NA
sc-ssid22-04182026,ssid,2026-04-18,na,South Canyon,5.3,26,HML,na,NA,H,2026-05-26T00:00:00Z,7,control,T3,NA
sc-ssid05-04182026,ssid,2026-04-18,na,South Canyon,5.2,26,HML,na,NA,H,2026-05-26T00:00:00Z,12,+2C,T3,NA
sc-ssid15-04182026,ssid,2026-04-18,na,South Canyon,5.3,27,NIR,na,NA,H,2026-05-26T00:00:00Z,7,control,T3,NA
sc-ssid12-04182026,ssid,2026-04-18,na,South Canyon,5.0999999999999996,27,NIR,na,NA,H,2026-05-26T00:00:00Z,9,+2C,T5,NA
sc-ssid09-04182026,ssid,2026-04-18,na,South Canyon,na,27,NIR,na,NA,H,2026-05-26T00:00:00Z,11,+4C,T4,NA
sc-ssid09-04182026,ssid,2026-04-18,na,South Canyon,na,26,HML,na,NA,H,2026-05-26T00:00:00Z,2,control,T5,more circular frag
sc-ssid06-04182026,ssid,2026-04-18,na,South Canyon,5.0999999999999996,27,NIR,na,NA,H,2026-05-26T00:00:00Z,4,+4C,T2,NA
sc-ssid14-04182026,ssid,2026-04-18,na,South Canyon,5,27,NIR,na,NA,P,2026-05-26T00:00:00Z,12,+2C,T1,NA
sc-ssid10-04182026,ssid,2026-04-18,na,South Canyon,5.0999999999999996,26,HML,na,NA,H,2026-05-26T00:00:00Z,3,+2C,T1,more rectangular frag
sc-ssid04-04182026,ssid,2026-04-18,na,South Canyon,5.2,27,NIR,na,NA,H,2026-05-26T00:00:00Z,12,+2C,T5,NA
sc-ssid19-04182026,ssid,2026-04-18,na,South Canyon,4.8,26,HML,na,NA,H,2026-05-26T00:00:00Z,1,+4C,T1,NA
sc-ssid08-04182026,ssid,2026-04-18,na,South Canyon,5.2,26,HML,na,NA,H,2026-05-26T00:00:00Z,9,+2C,T4,NA
sc-ssid29-04182026,ssid,2026-04-18,na,South Canyon,5.3,27,NIR,na,NA,H,2026-05-26T00:00:00Z,10,control,T4,NA
sc-ssid16-04182026,ssid,2026-04-18,na,South Canyon,5.0999999999999996,27,NIR,na,NA,H,2026-05-26T00:00:00Z,5,control,T4,NA
sc-ssid30-04182026,ssid,2026-04-18,na,South Canyon,5.2,27,NIR,na,NA,H,2026-05-26T00:00:00Z,11,+4C,T5,NA
sc-ssid25-04182026,ssid,2026-04-18,na,South Canyon,4.9000000000000004,26,HML,na,NA,H,2026-05-26T00:00:00Z,5,control,T1,NA
sc-ssid28-04182026,ssid,2026-04-18,na,South Canyon,5.0999999999999996,26,HML,na,NA,H,2026-05-26T00:00:00Z,8,+4C,T4,NA
